EVTERM;Start
24.01.2020;5.5
20.02.2020;8.25
20.02.2020;8.916666667
03.04.2020;9.583333334
07.02.2020;37.88333333
26.01.2020;61.55
30.01.2020;64.11666667
05.02.2020;71.02083334
04.03.2020;77.31250001
15.01.2020;83.31250001
23.01.2020;84.14250001
27.01.2020;90.72916667
04.03.2020;101.7041667
16.07.2020;112.6791667
29.01.2020;113.1458333
07.02.2020;113.9791667
19.02.2020;114.7791667
20.02.2020;117.5291667
19.01.2020;120.0963542
09.01.2020;120.6796875
28.01.2020;123.0963542
23.01.2020;133.9796875
27.01.2020;139.0796875
06.01.2020;140.7463542
06.01.2020;143.7463542
10.02.2020;145.4130208
14.02.2020;148.4130208
05.03.2020;150.0796875
09.03.2020;153.0796875
25.03.2020;154.7463542
02.04.2020;157.7463542
20.04.2020;159.4130208
21.04.2020;162.4130208
01.01.2020;174.9880208
17.01.2020;177.9880208
07.02.2020;194.9880208
12.02.2020;197.9880208
07.01.2020;214.9880208
10.01.2020;217.9880208
07.01.2020;220.9880208
01.02.2020;237.9880208
05.02.2020;240.9880208
01.01.2020;278.1546875
08.01.2020;282.0713542
31.12.2019;311.9046875
03.01.2020;315.0880208
10.01.2020;318.4546875
03.02.2020;350.1213542
19.02.2020;353.4880208
14.01.2020;373.3046875
31.01.2020;376.4880208
21.02.2020;406.3213542
07.01.2020;426.1380208
22.01.2020;429.3213542
05.02.2020;459.1546875
20.02.2020;462.3380208
06.02.2020;474.4213542
17.02.2020;479.9213542
31.12.2019;485.0880208
05.01.2020;500.6713542
17.01.2020;505.6713542
30.01.2020;506.3213542
30.01.2020;509.0713542
17.03.2020;509.7213542
18.03.2020;512.4713542
26.03.2020;513.1213542
01.04.2020;515.8713542
17.07.2020;516.5213542
27.07.2020;519.2713542
06.10.2020;519.9213542
08.10.2020;522.6713542
25.11.2020;523.2546875
27.11.2020;525.6713542
28.02.2020;527.5046875
22.01.2020;527.5513542
23.01.2020;528.4680208
28.01.2020;530.7180208
02.03.2020;531.9430208
04.03.2020;536.3805208
16.03.2020;537.6055208
20.03.2020;542.0430208
19.10.2020;542.0430208
04.01.2021;542.0430208
30.04.2020;542.9930208
19.05.2020;543.1330208
29.04.2020;543.7330208
23.01.2020;543.7796875
24.01.2020;544.6963542
08.01.2020;544.8130208
09.01.2020;546.3546875
23.01.2020;549.8546875
16.01.2020;549.9246875
21.01.2020;550.9746875
21.01.2020;552.2741875
04.02.2020;552.5091542
07.02.2020;553.1769875
08.01.2020;555.4269875
06.02.2020;555.9703208
21.01.2020;563.0703208
14.01.2020;568.2953208
31.03.2020;571.6453208
03.02.2020;576.5453208
11.02.2020;582.2953208
03.02.2020;583.6203208
20.01.2020;584.9453208
22.01.2020;586.2703208
14.01.2020;587.5953208
14.01.2020;594.8453208
17.01.2020;595.1953208
21.01.2020;598.4453208
15.01.2020;605.1953208
28.01.2020;606.3369875
06.02.2020;611.0036542
18.03.2020;613.9786542
14.02.2020;622.8119875
18.03.2020;623.8119875
26.03.2020;626.5619875
27.02.2020;626.8819875
27.02.2020;627.9819875
20.04.2020;628.1486542
29.04.2020;629.0236542
27.02.2020;629.4903208
28.02.2020;630.3236542
15.04.2020;630.7903208
16.04.2020;631.6236542
17.06.2020;632.0903208
24.06.2020;632.9236542
01.09.2020;633.3903208
10.09.2020;634.2236542
08.10.2020;634.6903208
09.10.2020;635.5236542
24.03.2020;636.3236542
31.03.2020;639.0736542
28.04.2020;639.8736542
29.04.2020;642.6236542
07.09.2020;643.4236542
05.10.2020;646.1736542
06.04.2020;646.4069875
16.04.2020;647.0736542
12.05.2020;647.8736542
30.04.2020;650.6236542
24.04.2020;650.8569875
27.04.2020;651.5236542
27.08.2020;651.7569875
17.09.2020;652.4236542
15.10.2020;652.6569875
20.10.2020;653.3236542
25.03.2021;654.1236542
08.04.2021;656.8736542
25.03.2021;657.1069875
08.04.2021;657.7736542
10.02.2020;661.1486542
23.03.2020;664.1903208
31.03.2020;667.5653208
17.04.2020;669.1653208
08.10.2020;670.3253208
07.02.2020;674.9919875
23.03.2020;679.3253208
02.04.2020;683.9919875
04.08.2020;688.6586542
21.10.2020;711.6586542
18.06.2020;715.9536542
16.01.2020;717.2786542
04.02.2020;718.4958542
20.04.2020;718.6125208
20.04.2020;719.1958542
21.01.2020;719.3125208
21.01.2020;719.8958542
30.01.2020;720.0958542
06.02.2020;721.8458542
15.04.2020;722.2125208
16.04.2020;725.0041875
24.04.2020;732.2675208
22.01.2020;732.7468542
23.01.2020;736.2168542
17.03.2020;736.9168542
19.03.2020;737.9168542
17.01.2020;737.9435208
27.01.2020;738.4935208
12.02.2020;740.7435208
21.01.2020;740.9768542
21.01.2020;743.3101875
05.03.2020;750.5601875
26.02.2020;750.9101875
04.03.2020;754.1601875
16.01.2020;754.2101875
21.01.2020;755.1601875
20.01.2020;762.4101875
20.01.2020;762.6356875
21.01.2020;765.1651875
27.01.2020;770.7485208
20.01.2020;771.8985208
21.01.2020;771.9451875
23.01.2020;772.4785208
31.01.2020;775.4785208
19.02.2020;775.6118542
27.02.2020;776.3618542
30.03.2020;776.4318542
30.03.2020;777.2318542
23.03.2020;779.3151875
02.03.2020;782.1151875
09.03.2020;794.6151875
11.02.2020;797.4151875
20.02.2020;809.9151875
15.05.2020;811.0818542
18.05.2020;816.5818542
20.04.2020;817.7485208
27.04.2020;823.2485208
23.11.2020;824.4151875
23.11.2020;829.9151875
15.06.2020;831.0818542
24.06.2020;836.5818542
24.08.2020;837.7485208
31.08.2020;843.2485208
24.08.2020;844.4151875
31.08.2020;849.9151875
02.09.2020;851.0818542
21.09.2020;856.5818542
16.10.2020;857.7485208
19.10.2020;863.2485208
11.11.2020;864.4151875
12.11.2020;869.9151875
30.01.2020;870.0485208
11.02.2020;870.8485208
11.02.2020;883.4235208
29.02.2020;897.6735208
03.02.2020;917.4901875
11.03.2020;947.3235208
07.02.2020;961.4751875
08.04.2020;977.5585208
21.02.2020;991.7101875
23.03.2020;1007.793521
25.02.2020;1028.801854
08.04.2020;1060.468521
13.03.2020;1065.218521
30.03.2020;1068.218521
05.02.2020;1068.651854
06.02.2020;1070.735188
06.02.2020;1072.993521
25.02.2020;1073.993521
25.02.2020;1077.493521
16.06.2020;1078.509854
22.06.2020;1082.058854
21.08.2020;1083.058854
28.08.2020;1086.558854
12.03.2020;1088.725521
18.03.2020;1093.808854
02.04.2020;1094.638854
12.03.2020;1120.638854
18.05.2020;1123.988854
08.07.2020;1127.481354
05.02.2020;1131.814688
13.02.2020;1131.948021
17.02.2020;1133.648021
02.03.2020;1133.694688
17.02.2020;1134.228021
12.02.2020;1134.411354
17.02.2020;1136.561354
18.02.2020;1141.728021
03.03.2020;1141.894688
09.03.2020;1143.894688
25.02.2020;1151.144688
12.02.2020;1151.471354
17.02.2020;1154.538021
18.03.2020;1159.704688
13.02.2020;1159.938021
17.02.2020;1162.271354
19.03.2020;1163.521354
20.04.2020;1169.104688
19.05.2020;1169.174688
25.05.2020;1170.299688
20.03.2020;1177.549688
16.04.2020;1179.091771
29.05.2020;1186.052188
24.03.2020;1189.668854
19.02.2020;1190.777188
21.08.2020;1192.110521
19.02.2020;1193.218854
19.02.2020;1194.327188
24.03.2020;1197.827188
24.03.2020;1201.660521
27.02.2020;1206.827188
25.03.2020;1209.160521
02.10.2020;1212.410521
09.03.2020;1213.910521
30.03.2020;1223.577188
17.04.2020;1227.193854
23.03.2020;1228.893854
20.04.2020;1229.727188
23.03.2020;1230.677188
20.04.2020;1231.277188
20.04.2020;1232.110521
25.11.2020;1245.663854
09.10.2020;1247.205521
16.04.2020;1250.180521
20.03.2020;1250.713854
26.03.2020;1252.213854
21.04.2020;1253.713854
08.04.2021;1256.213854
15.06.2020;1289.213854
25.03.2020;1293.963854
03.04.2020;1299.047187
26.03.2020;1308.380521
06.04.2020;1312.547187
07.04.2020;1319.133854
30.03.2020;1325.133854
25.03.2020;1328.050521
01.04.2020;1331.300521
17.03.2020;1332.240521
17.03.2020;1333.115521
10.03.2020;1334.365521
10.03.2020;1335.032187
24.06.2020;1335.598854
12.03.2020;1348.082187
22.04.2020;1363.248854
01.04.2020;1375.732187
12.05.2020;1390.898854
26.03.2020;1410.715521
25.05.2020;1440.548854
27.03.2020;1460.365521
26.05.2020;1490.198854
27.04.2020;1490.893854
22.04.2020;1491.427187
16.03.2020;1492.343854
15.07.2020;1495.343854
12.03.2020;1496.493854
18.05.2020;1497.027187
01.04.2020;1498.202187
02.04.2020;1498.952187
26.03.2020;1499.752187
23.03.2020;1500.352187
17.03.2020;1505.518854
06.04.2020;1507.518854
18.06.2020;1509.668854
15.07.2020;1519.335521
18.06.2020;1521.485521
18.06.2020;1523.635521
18.06.2020;1525.785521
04.11.2020;1527.410521
09.11.2020;1528.160521
12.11.2020;1529.785521
05.03.2021;1530.535521
22.05.2021;1532.160521
12.04.2021;1532.910521
15.04.2020;1533.910521
15.04.2020;1534.910521
15.04.2020;1536.940521
15.04.2020;1537.940521
18.05.2020;1539.440521
20.10.2020;1540.740521
18.05.2020;1541.946354
30.06.2020;1546.613021
22.05.2020;1549.196354
20.04.2020;1551.871354
16.04.2020;1555.121354
14.04.2020;1555.951354
14.04.2020;1556.964687
27.08.2020;1558.798021
06.04.2020;1561.131354
03.04.2020;1571.414687
11.05.2020;1583.831354
16.04.2020;1584.748021
06.04.2020;1585.623021
03.04.2020;1592.873021
06.07.2020;1595.623021
18.05.2020;1596.673021
27.04.2020;1597.823021
09.07.2020;1598.356354
06.04.2020;1600.643854
14.05.2020;1601.793854
20.04.2020;1602.327187
27.04.2020;1606.077187
23.06.2020;1606.743854
17.06.2020;1608.868854
16.04.2020;1609.402187
02.04.2020;1610.235187
16.04.2020;1611.151854
05.05.2020;1632.160187
25.06.2020;1663.826854
04.05.2020;1688.410187
26.06.2020;1725.576854
22.05.2020;1745.393521
29.06.2020;1775.226854
05.06.2020;1788.443521
30.06.2020;1804.526854
08.06.2020;1817.010187
29.07.2020;1832.176854
27.04.2020;1832.726854
09.07.2020;1833.560187
19.08.2020;1835.530187
08.06.2020;1848.013521
29.07.2020;1863.180187
30.06.2020;1875.663521
03.09.2020;1890.830187
08.05.2020;1910.646854
30.07.2020;1940.480187
11.05.2020;1946.480187
22.05.2020;1952.146854
11.05.2020;1957.730187
14.05.2020;1959.880187
08.05.2020;1967.130187
18.05.2020;1969.880187
15.05.2020;1972.980187
11.05.2020;1974.130187
18.05.2020;1974.663521
28.05.2020;1979.163521
11.05.2020;1982.963521
14.05.2020;1983.663521
18.05.2020;1984.580187
18.05.2020;1985.813521
18.05.2020;1987.813521
05.08.2020;1988.446854
16.06.2020;1995.196854
18.05.2020;1996.738521
09.07.2020;1997.238521
18.06.2020;1997.888521
29.07.2020;1999.363521
07.10.2020;2005.988521
22.05.2020;2007.009354
25.06.2020;2019.492687
10.09.2020;2034.659354
19.08.2020;2047.142687
05.10.2020;2062.309354
20.05.2020;2082.126021
28.07.2020;2111.959354
30.06.2020;2131.776021
20.08.2020;2161.609354
23.06.2020;2162.189354
30.06.2020;2163.106021
24.06.2020;2163.831021
24.06.2020;2164.356021
20.10.2020;2165.306021
09.07.2020;2169.972687
18.06.2020;2170.889354
24.06.2020;2176.639354
18.06.2020;2177.246854
10.06.2020;2178.626854
20.10.2020;2179.226854
24.06.2020;2181.726854
29.07.2020;2184.726854
16.11.2020;2186.431354
22.06.2020;2188.432854
30.06.2020;2189.349521
30.06.2020;2190.266187
05.11.2020;2195.432854
04.11.2020;2197.032854
10.03.2021;2198.632854
15.06.2020;2205.882854
18.06.2020;2209.132854
15.06.2020;2214.299521
29.07.2020;2219.466188
16.06.2020;2221.591188
28.07.2020;2223.716188
28.07.2020;2224.299521
09.07.2020;2225.449521
13.08.2020;2225.982854
03.08.2020;2230.057854
10.08.2020;2230.891187
11.02.2021;2234.966187
19.10.2020;2236.966187
16.06.2020;2238.291187
06.08.2020;2244.877854
01.07.2020;2250.044521
22.10.2020;2250.644521
22.10.2020;2251.244521
21.10.2020;2253.244521
21.10.2020;2253.994521
21.10.2020;2254.594521
26.06.2020;2258.594521
25.08.2020;2263.228896
10.08.2020;2267.028896
24.06.2020;2268.078896
23.06.2020;2268.662229
07.09.2020;2275.248896
04.08.2020;2281.248896
11.09.2020;2286.998896
13.08.2020;2292.582229
20.08.2020;2297.248896
08.01.2021;2302.332229
08.07.2020;2311.165562
24.08.2020;2319.332229
14.07.2020;2320.519729
23.09.2020;2324.012229
19.04.2021;2329.178896
06.08.2020;2330.962229
09.11.2020;2337.712229
21.08.2020;2338.520562
21.08.2020;2340.137229
14.07.2020;2373.637229
12.08.2020;2407.137229
05.10.2020;2440.637229
09.02.2021;2474.137229
27.01.2021;2507.637229
10.09.2020;2508.237229
11.08.2020;2516.237229
04.08.2020;2516.813812
05.08.2020;2517.403812
10.08.2020;2519.020479
05.08.2020;2520.765479
28.07.2020;2521.682146
28.07.2020;2522.598813
06.08.2020;2524.140479
16.07.2020;2531.390479
10.08.2020;2533.677979
05.08.2020;2534.427979
03.08.2020;2542.627979
25.09.2020;2543.994646
05.08.2020;2549.994646
07.08.2020;2552.994646
20.08.2020;2553.750396
05.08.2020;2554.333729
04.08.2020;2555.208729
05.08.2020;2555.903729
05.08.2020;2556.437063
03.08.2020;2581.020396
26.11.2020;2618.187063
11.08.2020;2642.770396
24.09.2020;2679.937063
17.09.2020;2680.687063
21.08.2020;2681.599563
15.09.2020;2682.924563
12.08.2020;2694.924563
17.09.2020;2706.924563
18.08.2020;2707.524563
02.10.2020;2708.691229
09.11.2020;2712.183729
01.09.2020;2719.433729
19.08.2020;2722.683729
18.08.2020;2727.850396
02.09.2020;2729.267063
20.08.2020;2730.642063
27.08.2020;2755.225396
21.10.2020;2792.392063
28.08.2020;2794.267063
12.10.2020;2795.017063
14.09.2020;2801.767063
10.09.2020;2803.308729
10.09.2020;2804.850396
18.09.2020;2807.137896
25.09.2020;2808.137896
06.10.2020;2808.671229
15.10.2020;2809.821229
17.09.2020;2810.346229
10.09.2020;2811.041229
17.09.2020;2811.574563
07.09.2020;2820.074563
14.09.2020;2822.824563
10.09.2020;2823.824563
26.10.2020;2824.824563
19.10.2020;2825.774563
19.10.2020;2826.341229
14.09.2020;2827.341229
20.10.2020;2827.907896
24.09.2020;2833.907896
04.09.2020;2846.391229
06.10.2020;2861.557896
04.09.2020;2881.374563
22.10.2020;2911.207896
15.09.2020;2917.794563
05.10.2020;2923.794563
15.09.2020;2929.544563
11.09.2020;2942.027896
07.10.2020;2957.194563
08.09.2020;2977.011229
12.10.2020;3006.844563
15.09.2020;3026.661229
14.10.2020;3056.494563
17.09.2020;3058.036229
06.10.2020;3058.952896
21.09.2020;3064.119563
14.09.2020;3066.119563
04.11.2020;3068.269563
01.10.2020;3072.602896
01.10.2020;3073.702896
16.11.2020;3074.336229
06.10.2020;3076.336229
21.10.2020;3091.086229
28.10.2020;3103.086229
15.01.2021;3115.086229
22.03.2021;3127.086229
15.01.2021;3132.586229
01.10.2020;3145.069562
14.01.2021;3160.236229
05.10.2020;3160.961229
07.10.2020;3161.527896
08.10.2020;3171.027896
05.10.2020;3171.944563
01.04.2021;3174.944563
18.02.2021;3177.944563
29.09.2020;3178.527896
29.09.2020;3179.252896
11.01.2021;3182.745396
30.09.2020;3195.228729
28.10.2020;3210.395396
08.10.2020;3222.878729
14.01.2021;3238.045396
15.01.2021;3253.212063
16.10.2020;3273.028729
09.11.2020;3302.862063
20.10.2020;3322.678729
20.11.2020;3352.512063
05.12.2020;3357.146438
12.10.2020;3359.671438
06.10.2020;3390.271438
10.12.2020;3390.921438
21.10.2020;3391.521438
17.11.2020;3400.854771
12.10.2020;3401.704771
08.12.2020;3402.238104
05.03.2021;3405.730604
26.10.2020;3418.213938
19.01.2021;3433.380604
04.02.2021;3447.330604
04.03.2021;3464.330604
26.01.2021;3478.280604
18.02.2021;3495.280604
17.02.2021;3516.863938
05.11.2020;3536.680604
27.11.2020;3566.513938
09.11.2020;3586.330604
13.01.2021;3616.163938
10.11.2020;3635.980604
09.02.2021;3665.813938
10.02.2021;3667.313938
09.02.2021;3669.897271
17.11.2020;3672.647271
25.03.2021;3678.522271
16.12.2020;3684.772271
10.12.2020;3686.555604
26.10.2020;3688.338938
03.11.2020;3690.283938
19.11.2020;3693.033938
15.01.2021;3693.633938
10.03.2021;3695.133938
16.11.2020;3696.050604
25.11.2020;3701.217271
05.11.2020;3703.550604
04.11.2020;3704.600604
30.10.2020;3706.664104
08.12.2020;3711.564104
13.11.2020;3718.664104
21.01.2021;3722.314104
12.01.2021;3728.314104
06.01.2021;3734.064104
16.11.2020;3735.389104
09.11.2020;3736.414104
27.01.2021;3737.030771
18.11.2020;3739.280771
09.11.2020;3739.880771
17.11.2020;3742.030771
09.11.2020;3743.572438
16.11.2020;3760.197438
12.04.2021;3793.697438
23.03.2021;3809.354521
26.01.2021;3822.230188
22.02.2021;3837.887271
16.11.2020;3838.465604
15.01.2021;3838.998937
08.12.2020;3840.743937
18.02.2021;3841.660604
10.12.2020;3842.493937
09.12.2020;3849.080604
09.02.2021;3851.080604
15.01.2021;3858.330604
25.11.2020;3858.863937
08.12.2020;3859.588937
05.01.2021;3866.838937
10.12.2020;3870.088937
01.12.2020;3875.255604
10.12.2020;3877.255604
07.12.2020;3879.543104
05.05.2021;3883.035604
03.02.2021;3898.452271
11.03.2021;3917.285604
17.02.2021;3930.161417
15.03.2021;3945.818684
10.02.2021;3958.694351
09.03.2021;3974.351434
23.02.2021;3987.227101
26.03.2021;4002.884184
25.02.2021;4015.759851
17.03.2021;4031.416934
11.03.2021;4044.292601
24.03.2021;4059.949684
11.03.2021;4072.825351
06.04.2021;4088.482434
09.03.2021;4101.358101
01.04.2021;4117.015184
06.01.2021;4137.469392
09.02.2021;4165.252142
18.01.2021;4185.706351
03.03.2021;4213.489101
16.02.2021;4233.943309
04.05.2021;4261.726059
19.01.2021;4282.180267
01.03.2021;4309.963017
15.04.2021;4330.417226
06.05.2021;4358.199976
10.02.2021;4358.799976
08.12.2020;4360.124976
09.03.2021;4366.874976
15.01.2021;4368.474976
08.02.2021;4369.341642
22.04.2021;4376.091642
11.02.2021;4382.678309
20.01.2021;4388.678309
19.01.2021;4394.428309
05.01.2021;4395.753309
09.02.2021;4398.178309
06.01.2021;4399.261642
12.03.2021;4401.511642
10.02.2021;4402.344976
25.03.2021;4405.344976
29.01.2021;4406.261642
20.01.2021;4408.511642
13.04.2021;4414.094976
11.02.2021;4417.080392
27.01.2021;4428.055392
21.04.2021;4439.030392
07.04.2021;4441.455392
03.02.2021;4444.205392
22.03.2021;4446.955392
10.02.2021;4447.505392
05.02.2021;4450.255392
03.02.2021;4450.905392
08.02.2021;4451.438726
02.02.2021;4452.501226
27.01.2021;4453.034559
05.07.2021;4456.579559
10.02.2021;4457.156226
15.02.2021;4460.622892
16.06.2021;4462.122892
06.04.2021;4463.252059
06.04.2021;4465.510392
11.02.2021;4466.677059
17.02.2021;4467.827059
07.04.2021;4468.360392
17.02.2021;4469.770392
09.03.2021;4470.323059
18.02.2021;4475.489726
16.02.2021;4480.656392
24.02.2021;4486.656392
17.02.2021;4490.731392
17.02.2021;4491.426392
09.03.2021;4492.343059
17.02.2021;4493.493059
11.03.2021;4506.368726
22.04.2021;4522.025809
09.03.2021;4534.901476
29.04.2021;4550.558559
27.04.2021;4563.434226
17.06.2021;4579.091309
25.02.2021;4580.041309
26.04.2021;4580.641309
12.03.2021;4582.724642
09.03.2021;4584.982976
05.03.2021;4586.132976
07.04.2021;4586.666309
05.03.2021;4587.816309
06.04.2021;4588.349642
24.02.2021;4593.516309
26.02.2021;4595.849642
25.03.2021;4602.099642
25.02.2021;4602.966309
25.02.2021;4604.199642
26.02.2021;4605.899642
26.02.2021;4606.532976
26.02.2021;4607.132976
09.03.2021;4615.132976
23.03.2021;4616.282976
07.04.2021;4616.816309
02.03.2021;4617.916309
06.04.2021;4618.327976
07.04.2021;4619.763809
06.04.2021;4619.763809
06.09.2021;4619.763809
10.03.2021;4620.437059
05.03.2021;4621.437059
05.03.2021;4622.587059
19.03.2021;4623.503726
15.03.2021;4625.070392
26.03.2021;4626.395392
22.03.2021;4632.062059
15.03.2021;4633.478726
26.03.2021;4634.803726
22.03.2021;4641.220392
23.03.2021;4643.626892
03.03.2021;4655.126892
09.04.2021;4657.126892
22.03.2021;4666.460226
23.03.2021;4670.626892
22.03.2021;4671.226892
26.03.2021;4677.813559
31.03.2021;4683.563559
07.04.2021;4689.063559
22.03.2021;4689.663559
07.04.2021;4690.241892
07.04.2021;4690.831892
22.03.2021;4693.915226
13.04.2021;4695.331892
22.03.2021;4698.831892
03.05.2021;4701.581892
13.07.2021;4705.126892
06.04.2021;4706.743559
26.04.2021;4719.619226
14.06.2021;4735.276309
13.04.2021;4748.151976
30.04.2021;4763.809059
22.04.2021;4769.809059
12.04.2021;4771.425726
26.04.2021;4773.170726
19.04.2021;4775.420726
07.04.2021;4776.370726
14.04.2021;4778.658226
20.04.2021;4786.491559
21.04.2021;4793.741559
26.04.2021;4794.341559
20.04.2021;4802.841559
16.04.2021;4806.841559
20.04.2021;4810.841559
27.04.2021;4811.758226
05.05.2021;4816.924892
28.04.2021;4817.424892
04.05.2021;4820.508226
28.07.2021;4821.316559
28.07.2021;4822.933226
21.05.2021;4825.324226
12.05.2021;4826.374226
21.05.2021;4829.124226
12.05.2021;4832.624226
27.05.2021;4841.280072
10.06.2021;4855.897656
01.06.2021;4868.085456
22.06.2021;4891.461056
16.06.2021;4905.853256
20.09.2021;4933.637656
20.05.2021;4934.470989
27.05.2021;4935.004322
12.05.2021;4936.308489
12.05.2021;4937.033489
18.05.2021;4937.583489
28.05.2021;4946.821456
01.07.2021;4962.478539
17.06.2021;4971.716506
26.07.2021;4987.373589
18.06.2021;4996.611556
13.07.2021;5012.268639
21.06.2021;5021.506606
07.07.2021;5037.163689
22.06.2021;5046.401656
09.07.2021;5062.058739
02.07.2021;5076.450939
02.09.2021;5104.235339
15.09.2021;5118.627539
25.11.2021;5146.411939
17.05.2021;5147.728689
17.05.2021;5148.878689
06.05.2021;5150.678689
12.05.2021;5158.678689
27.04.2021;5161.366189
12.05.2021;5163.516189
18.05.2021;5164.432856
28.04.2021;5169.249522
29.04.2021;5172.089522
17.05.2021;5173.006189
20.05.2021;5173.672856
06.05.2021;5174.839522
18.05.2021;5182.839522
05.05.2021;5189.389522
22.05.2021;5190.036522
20.05.2021;5190.569856
11.05.2021;5196.582356
11.05.2021;5199.649022
26.05.2021;5204.315689
06.05.2021;5211.565689
11.05.2021;5214.815689
28.07.2021;5215.624022
28.07.2021;5217.240689
15.09.2021;5220.736339
30.09.2021;5224.068189
20.05.2021;5224.634522
20.05.2021;5225.214856
20.05.2021;5225.748189
12.05.2021;5226.473189
22.07.2021;5234.393689
22.05.2021;5235.328689
07.05.2021;5235.878689
27.05.2021;5236.533689
18.06.2021;5238.914689
12.05.2021;5240.914689
05.07.2021;5241.719689
20.05.2021;5242.319689
01.07.2021;5248.875922
09.06.2021;5250.875922
27.05.2021;5251.409256
28.05.2021;5253.696756
27.05.2021;5254.696756
15.06.2021;5257.671756
25.08.2021;5258.480089
25.08.2021;5260.096756
28.07.2021;5260.855039
28.07.2021;5262.371606
26.05.2021;5264.038272
20.05.2021;5266.704939
27.07.2021;5269.567439
25.05.2021;5270.800772
26.05.2021;5272.342439
31.05.2021;5273.954939
28.05.2021;5274.954939
27.05.2021;5275.486939
11.06.2021;5276.047439
11.06.2021;5286.547439
11.06.2021;5287.558439
09.06.2021;5288.558439
23.09.2021;5290.046772
27.05.2021;5291.371772
09.06.2021;5296.388439
27.05.2021;5298.388439
15.06.2021;5304.388439
09.06.2021;5308.696772
31.05.2021;5309.696772
11.06.2021;5311.195772
15.06.2021;5317.113272
16.06.2021;5322.863272
21.06.2021;5325.314106
21.06.2021;5327.397439
21.06.2021;5329.202439
21.06.2021;5330.765772
01.07.2021;5331.980472
15.09.2021;5337.563806
21.06.2021;5338.480472
21.06.2021;5339.397139
15.06.2021;5341.647139
15.06.2021;5347.230472
15.06.2021;5351.563806
15.06.2021;5356.730472
22.06.2021;5359.497139
14.07.2021;5360.830472
06.01.2022;5363.830472
28.06.2021;5364.880472
29.06.2021;5365.930472
28.06.2021;5366.980472
06.07.2021;5381.372672
15.07.2021;5409.157072
09.07.2021;5423.549272
14.09.2021;5451.333672
28.06.2021;5452.383672
28.06.2021;5453.433672
17.08.2021;5462.671639
06.09.2021;5478.328722
03.09.2021;5487.566689
01.10.2021;5503.223772
09.11.2021;5509.973772
02.09.2021;5519.211739
30.09.2021;5534.868822
05.07.2021;5541.072029
28.06.2021;5542.122029
14.07.2021;5542.699029
17.08.2021;5555.379362
27.09.2021;5561.078362
14.07.2021;5561.787612
14.07.2021;5562.512612
02.07.2021;5567.179279
14.07.2021;5567.726779
14.07.2021;5568.276779
30.06.2021;5571.887196
06.07.2021;5573.845529
06.07.2021;5575.326779
01.07.2021;5577.076779
22.06.2021;5581.160112
23.06.2021;5586.753446
21.06.2021;5592.336779
01.07.2021;5594.081779
23.07.2021;5603.990579
26.08.2021;5620.845579
08.02.2022;5626.428912
20.09.2021;5629.403912
08.02.2022;5634.987246
28.06.2021;5636.820579
02.07.2021;5637.542412
07.07.2021;5642.508412
02.07.2021;5649.095079
12.07.2021;5654.845079
06.07.2021;5655.323092
12.07.2021;5658.783192
13.07.2021;5660.454876
08.09.2021;5666.454876
07.09.2021;5672.204876
23.07.2021;5681.442842
28.08.2021;5697.099926
12.07.2021;5697.629426
06.07.2021;5699.629426
06.07.2021;5700.579426
11.01.2022;5709.817392
11.11.2021;5725.474476
14.07.2021;5739.866676
09.09.2021;5767.651076
06.09.2021;5782.043276
27.09.2021;5806.796076
12.08.2021;5808.266742
17.08.2021;5809.616742
13.07.2021;5810.186492
13.07.2021;5810.719826
07.07.2021;5812.319826
16.08.2021;5818.400159
28.09.2021;5821.899159
11.08.2021;5823.982492
12.07.2021;5824.582492
13.07.2021;5825.591742
09.07.2021;5834.925076
15.07.2021;5835.925076
13.07.2021;5840.018409
14.07.2021;5840.651742
15.07.2021;5841.838742
02.11.2021;5843.455409
26.08.2021;5846.455409
29.10.2021;5849.455409
29.07.2021;5851.027909
01.09.2021;5854.041242
14.02.2022;5856.274576
16.09.2021;5857.274576
06.10.2021;5858.274576
16.09.2021;5858.924576
20.09.2021;5859.799576
04.10.2021;5861.049576
22.07.2021;5873.049576
28.02.2022;5873.862076
04.01.2022;5875.075076
06.01.2022;5877.075076
06.01.2022;5878.275076
06.01.2022;5879.275076
16.09.2021;5879.925076
16.08.2021;5882.579826
05.01.2022;5883.529826
23.09.2021;5885.817326
23.09.2021;5888.104826
06.10.2021;5892.179826
30.09.2021;5895.341576
07.10.2021;5899.091576
26.07.2021;5901.216576
18.10.2021;5903.341576
29.09.2021;5910.591576
29.09.2021;5915.758242
26.07.2021;5916.758242
30.09.2021;5917.758242
30.07.2021;5918.472076
19.11.2021;5919.222076
13.08.2021;5919.880076
13.08.2021;5920.538409
19.11.2021;5921.205076
07.01.2022;5921.872742
07.01.2022;5922.540409
04.01.2022;5923.373742
17.09.2021;5924.915409
17.09.2021;5929.582076
17.09.2021;5931.332076
17.09.2021;5932.248742
12.08.2021;5933.359159
12.08.2021;5934.484159
12.08.2021;5935.400826
19.11.2021;5936.067492
13.08.2021;5936.650826
30.07.2021;5937.234159
27.10.2021;5937.785659
18.10.2021;5940.852326
18.10.2021;5943.185659
13.08.2021;5945.335659
30.07.2021;5945.858992
07.10.2021;5946.392326
30.07.2021;5946.908992
30.07.2021;5947.425659
19.08.2021;5956.758992
28.09.2021;5964.008992
03.09.2021;5970.008992
21.10.2021;5977.258992
18.10.2021;5980.508992
12.08.2021;5981.344492
01.10.2021;5984.094492
29.09.2021;5987.594492
31.08.2021;5996.427826
22.07.2021;6008.427826
13.08.2021;6008.961159
27.07.2021;6010.286159
16.12.2021;6022.286159
18.01.2022;6034.286159
11.03.2022;6046.286159
14.04.2022;6058.286159
20.09.2021;6064.536159
20.09.2021;6065.126159
06.09.2021;6071.712826
06.09.2021;6072.291159
07.10.2021;6073.041159
01.09.2021;6073.578659
26.07.2021;6074.133409
07.09.2021;6077.358409
11.08.2021;6078.105909
12.08.2021;6079.016576
30.07.2021;6081.304076
16.09.2021;6081.954076
22.11.2021;6082.487409
12.01.2022;6086.177409
06.12.2021;6089.867409
11.08.2021;6095.517409
07.12.2021;6099.207409
22.10.2021;6102.207409
06.10.2021;6103.022159
06.10.2021;6104.651659
20.10.2021;6110.901659
30.08.2021;6111.596659
13.08.2021;6112.129992
29.07.2021;6114.379992
13.08.2021;6115.329992
14.09.2021;6116.163326
02.02.2022;6121.663326
25.03.2022;6127.163326
20.09.2021;6128.079992
06.12.2021;6131.769992
11.11.2021;6135.459992
09.09.2021;6144.697959
06.10.2021;6163.386459
16.09.2021;6168.886459
28.10.2021;6174.386459
05.01.2022;6179.886459
05.01.2022;6185.386459
05.01.2022;6190.886459
02.02.2022;6196.386459
26.08.2021;6198.469792
14.09.2021;6200.728126
10.09.2021;6212.737579
27.10.2021;6237.364979
16.08.2021;6238.014979
16.08.2021;6238.664979
20.10.2021;6243.831646
02.11.2021;6247.906646
04.11.2021;6248.739979
05.01.2022;6250.356646
06.09.2021;6252.439979
06.09.2021;6254.698312
16.09.2021;6269.090512
24.11.2021;6293.843312
18.02.2022;6296.593312
17.09.2021;6297.193312
23.02.2022;6297.902312
17.09.2021;6299.443979
21.10.2021;6305.693979
13.09.2021;6314.931946
25.10.2021;6333.620446
16.09.2021;6335.120446
17.08.2021;6365.834696
29.07.2021;6398.968946
27.07.2021;6432.391946
29.07.2021;6465.891946
28.07.2021;6499.240696
05.01.2022;6501.990696
22.02.2022;6517.574029
28.09.2021;6524.824029
01.10.2021;6527.574029
18.10.2021;6529.832362
31.08.2021;6530.749029
07.10.2021;6545.975279
06.01.2022;6546.625279
30.08.2021;6548.191946
18.11.2021;6548.741946
23.02.2022;6549.575279
24.11.2021;6555.825279
18.10.2021;6556.658612
20.10.2021;6557.241946
27.10.2021;6561.325279
21.10.2021;6567.575279
16.09.2021;6568.175279
18.10.2021;6569.920279
21.10.2021;6572.920279
30.08.2021;6584.420279
06.10.2021;6587.920279
07.10.2021;6591.253612
17.09.2021;6605.161372
04.11.2021;6633.856572
18.11.2021;6634.366572
08.10.2021;6635.509072
17.11.2021;6636.016239
01.10.2021;6637.849572
06.10.2021;6638.716239
08.11.2021;6640.216239
01.09.2021;6646.382906
29.10.2021;6648.166239
20.09.2021;6657.404206
18.10.2021;6676.092706
30.09.2021;6677.242706
02.11.2021;6677.776039
01.10.2021;6681.276039
18.10.2021;6682.326039
09.03.2022;6683.159372
29.11.2021;6685.284372
18.10.2021;6690.951039
17.11.2021;6700.189006
15.12.2021;6718.877506
07.10.2021;6724.877506
07.10.2021;6730.877506
10.11.2021;6737.464172
22.09.2021;6743.214172
22.09.2021;6748.964172
24.11.2021;6749.880839
22.09.2021;6750.910006
06.10.2021;6752.035006
06.10.2021;6753.160006
21.10.2021;6753.960006
05.01.2022;6755.585006
19.04.2022;6761.085006
16.05.2022;6766.585006
03.12.2021;6768.843339
20.10.2021;6773.168339
04.01.2022;6777.493339
27.10.2021;6778.093339
22.02.2022;6781.423839
18.10.2021;6783.757172
01.10.2021;6788.923839
22.10.2021;6789.840506
06.10.2021;6790.809256
06.10.2021;6791.725922
16.11.2021;6801.025922
01.10.2021;6803.692589
08.10.2021;6804.342589
18.11.2021;6804.875922
05.11.2021;6808.525922
18.10.2021;6811.592589
06.10.2021;6813.880089
17.11.2021;6814.413422
20.10.2021;6819.580089
22.11.2021;6820.496756
28.10.2021;6822.666372
24.03.2022;6823.506789
28.03.2022;6825.187622
25.03.2022;6826.028039
05.05.2022;6827.708872
21.10.2021;6829.708872
08.10.2021;6831.542206
22.10.2021;6832.408872
25.10.2021;6835.408872
03.11.2021;6838.408872
06.01.2022;6839.158872
22.10.2021;6839.958872
15.12.2021;6841.008872
24.11.2021;6841.592206
17.11.2021;6842.125539
02.11.2021;6842.715539
13.10.2021;6843.282206
04.01.2022;6843.705539
04.01.2022;6845.193872
11.10.2021;6851.277206
04.01.2022;6854.777206
22.10.2021;6855.377206
21.10.2021;6856.377206
22.10.2021;6856.977206
31.01.2022;6857.977206
25.11.2021;6858.843872
02.11.2022;6863.510539
15.11.2021;6865.255539
21.10.2021;6867.543039
21.10.2021;6868.543039
27.10.2021;6875.793039
20.10.2021;6883.043039
18.11.2021;6883.793039
17.11.2021;6884.376372
22.10.2021;6887.626372
21.10.2021;6889.959706
28.10.2021;6892.109706
17.11.2021;6892.651039
06.12.2021;6917.403839
15.11.2021;6931.796039
09.12.2021;6950.484539
02.11.2021;6951.074539
29.11.2021;6951.899539
15.12.2021;6952.424539
28.10.2021;6953.749539
23.11.2021;6956.832872
23.11.2021;6958.082872
25.10.2021;6965.455122
16.12.2021;6972.827372
27.10.2021;6974.394039
23.02.2022;6975.060706
04.11.2021;6976.385706
28.10.2021;6977.710706
08.12.2021;6981.098206
16.12.2021;6988.014872
24.03.2022;6990.764872
27.10.2021;6991.364872
26.10.2021;6992.059872
22.11.2021;6992.593206
08.11.2021;6997.759872
08.11.2021;7004.859872
02.11.2021;7005.776539
05.11.2021;7008.971539
05.12.2021;7019.905914
10.11.2021;7025.072581
24.11.2021;7027.072581
16.11.2021;7030.072581
15.11.2021;7036.659247
09.11.2021;7037.736747
29.11.2021;7038.386747
25.11.2021;7043.553414
23.11.2021;7045.553414
31.01.2022;7049.636747
14.12.2021;7053.136747
24.02.2022;7053.720081
09.12.2021;7060.011747
05.01.2022;7060.564747
16.11.2021;7066.564747
18.11.2021;7067.131414
22.11.2021;7068.964747
18.02.2022;7081.187234
01.03.2022;7106.271134
22.08.2022;7114.271134
09.03.2022;7116.271134
13.06.2022;7119.961134
28.02.2022;7120.761134
04.01.2022;7121.636134
04.01.2022;7122.219467
16.05.2022;7123.219467
10.03.2022;7124.052801
25.11.2021;7128.677801
06.01.2022;7133.469467
06.12.2021;7134.619467
15.12.2021;7135.152801
03.12.2021;7141.319467
14.12.2021;7152.819467
15.12.2021;7153.736134
25.01.2022;7158.902801
13.01.2022;7164.652801
18.01.2022;7170.402801
14.01.2022;7176.152801
06.01.2022;7181.902801
07.01.2022;7187.902801
13.01.2022;7193.902801
24.01.2022;7199.902801
17.01.2022;7206.489467
14.01.2022;7213.076134
19.01.2022;7219.662801
03.01.2022;7226.249467
24.01.2022;7227.574467
24.01.2022;7233.574467
07.06.2022;7240.769801
08.06.2022;7247.965134
10.05.2022;7248.631801
18.05.2022;7249.231801
04.02.2022;7254.981801
04.02.2022;7260.981801
13.06.2022;7268.177134
17.12.2021;7275.735467
02.02.2022;7283.585467
01.02.2022;7291.435467
01.02.2022;7299.285467
11.02.2022;7307.135467
14.02.2022;7314.985467
25.04.2022;7317.110467
31.03.2022;7318.027134
07.02.2022;7319.314634
28.03.2022;7321.064634
06.01.2022;7321.664634
25.03.2022;7322.714634
25.03.2022;7323.714634
24.03.2022;7324.714634
25.03.2022;7325.514634
24.03.2022;7326.164634
24.03.2022;7328.164634
25.03.2022;7329.114634
25.03.2022;7329.693801
07.01.2022;7330.443801
25.03.2022;7331.277134
15.12.2021;7332.402134
02.01.2023;7332.402134
19.12.2022;7332.402134
25.03.2022;7333.652134
10.03.2022;7334.318801
20.12.2021;7337.818801
15.06.2022;7340.885467
27.06.2022;7344.575467
11.11.2022;7348.265467
04.01.2022;7351.882134
21.12.2021;7354.965467
23.02.2022;7355.798801
21.02.2022;7356.948801
21.02.2022;7357.598801
24.02.2022;7358.132134
28.02.2022;7358.665467
14.01.2022;7373.057667
02.02.2022;7397.810467
14.01.2022;7412.202667
09.02.2022;7436.955467
11.05.2022;7437.555467
22.02.2022;7442.744634
24.02.2022;7446.708801
03.02.2022;7448.275467
03.02.2022;7453.942134
25.01.2022;7454.808801
07.02.2022;7455.725467
24.01.2022;7456.775467
14.01.2022;7457.600467
27.01.2022;7459.683801
10.02.2022;7462.850467
07.02.2022;7463.417134
25.03.2022;7464.958801
13.06.2022;7465.758801
27.01.2022;7466.583801
07.02.2022;7467.100467
07.02.2022;7468.430134
27.01.2022;7469.134134
20.01.2022;7470.300801
22.02.2022;7479.538767
03.03.2022;7498.227267
07.02.2022;7498.910601
22.02.2022;7508.148567
10.03.2022;7526.837067
25.02.2022;7536.075034
14.03.2022;7554.763534
14.02.2022;7569.155734
25.02.2022;7593.908534
15.02.2022;7608.300734
25.02.2022;7620.039734
10.03.2022;7640.075734
28.02.2022;7654.467934
07.03.2022;7679.220734
01.03.2022;7693.612934
15.03.2022;7718.365734
07.03.2022;7732.757934
28.03.2022;7757.510734
04.02.2022;7758.110734
02.02.2022;7759.344067
09.05.2022;7760.669067
17.05.2022;7761.994067
17.05.2022;7763.319067
17.05.2022;7764.644067
03.02.2022;7766.210734
09.05.2022;7767.535734
17.05.2022;7768.860734
26.01.2022;7770.185734
23.05.2022;7771.538234
02.11.2022;7776.204901
28.02.2022;7776.899901
28.02.2022;7778.233901
28.02.2022;7778.767234
28.02.2022;7779.433901
03.02.2022;7783.300567
07.02.2022;7790.400567
01.03.2022;7804.792767
25.03.2022;7829.545567
31.01.2022;7831.378901
31.01.2022;7833.212234
03.02.2022;7835.045567
03.02.2022;7836.878901
17.02.2022;7837.478901
10.03.2022;7838.078901
16.02.2022;7839.228901
04.02.2022;7840.378901
07.02.2022;7841.028901
07.02.2022;7842.278901
17.02.2022;7844.112234
16.02.2022;7846.112234
16.02.2022;7847.945567
10.02.2022;7849.778901
03.02.2022;7851.612234
02.02.2022;7853.445567
24.02.2022;7855.695567
15.02.2022;7857.528901
02.02.2022;7862.695567
04.03.2022;7867.862234
01.02.2022;7873.028901
11.03.2022;7873.945567
25.03.2022;7874.812234
23.02.2022;7875.678901
09.03.2022;7876.545567
24.02.2022;7877.462234
24.03.2022;7878.378901
24.03.2022;7878.878901
25.03.2022;7879.378901
24.02.2022;7880.245567
13.04.2022;7881.162234
04.02.2022;7882.078901
11.03.2022;7882.612234
09.03.2022;7883.145567
03.02.2022;7883.895567
15.02.2022;7884.645567
24.03.2022;7885.395567
15.02.2022;7886.262234
03.02.2022;7887.128901
15.02.2022;7887.995567
03.02.2022;7888.862234
14.04.2022;7889.612234
23.02.2022;7890.362234
15.02.2022;7891.112234
19.04.2022;7891.645567
03.02.2022;7892.228901
16.02.2022;7892.895567
23.02.2022;7893.428901
09.03.2022;7893.962234
04.02.2022;7894.762234
03.02.2022;7895.562234
18.02.2022;7896.512234
17.02.2022;7897.312234
03.02.2022;7898.020567
04.02.2022;7898.728901
15.02.2022;7899.428901
17.05.2022;7901.178901
19.04.2022;7901.978901
24.02.2022;7902.502234
25.03.2022;7903.752234
25.03.2022;7904.368901
16.02.2022;7921.535567
09.02.2022;7924.618901
02.03.2022;7925.768901
10.03.2022;7926.302234
22.04.2022;7933.552234
26.04.2022;7939.552234
03.03.2023;7941.552234
02.03.2022;7947.635567
14.10.2022;7951.135567
28.11.2022;7954.825567
09.03.2022;7957.575567
10.03.2022;7958.245567
25.03.2022;7959.370567
17.02.2022;7960.695567
12.05.2022;7961.495567
16.05.2022;7962.062234
25.03.2022;7962.928901
28.02.2022;7963.612234
22.03.2022;7964.528901
22.03.2022;7965.445567
28.02.2022;7967.278901
28.02.2022;7969.112234
28.02.2022;7970.362234
07.03.2022;7984.754434
05.05.2022;8009.507234
28.02.2022;8011.340567
25.04.2022;8013.628067
10.03.2022;8014.544734
10.03.2022;8015.078067
10.05.2022;8016.994734
16.09.2022;8018.161401
29.03.2022;8019.944734
29.03.2022;8021.728067
29.03.2022;8023.511401
29.03.2022;8025.294734
28.02.2022;8028.911401
24.02.2022;8030.494734
24.03.2022;8031.161401
28.02.2022;8032.994734
02.03.2022;8042.232701
17.03.2022;8060.921201
11.03.2022;8070.159167
22.03.2022;8088.847667
18.03.2022;8098.085634
04.04.2022;8116.774134
18.03.2022;8126.012101
04.04.2022;8144.700601
17.03.2022;8154.796861
07.04.2022;8175.324561
24.03.2022;8184.563041
13.04.2022;8203.252641
05.04.2022;8212.490607
10.05.2022;8231.179107
01.07.2022;8249.867607
05.04.2022;8260.263024
23.05.2022;8281.431774
19.06.2022;8287.098441
27.09.2022;8291.181774
05.04.2022;8301.577191
25.05.2022;8322.745941
14.03.2022;8330.595941
22.03.2022;8338.445941
21.03.2022;8346.295941
28.04.2022;8346.482607
18.05.2022;8347.115941
30.03.2022;8349.240941
15.03.2022;8350.030441
12.05.2022;8350.905441
06.05.2022;8351.072107
05.09.2022;8351.947107
24.03.2022;8352.530441
20.05.2022;8353.113774
09.03.2022;8353.980441
09.03.2022;8355.230441
14.03.2022;8356.380441
25.03.2022;8356.913774
31.03.2022;8364.026274
30.05.2022;8370.276274
20.04.2022;8376.526274
29.03.2022;8385.826274
10.03.2022;8397.326274
16.03.2022;8400.976274
31.03.2022;8401.509607
24.03.2022;8402.259607
25.03.2022;8402.859607
28.03.2022;8417.251807
19.04.2022;8442.004607
11.03.2022;8443.837941
24.03.2022;8445.671274
08.06.2022;8447.504607
31.03.2022;8448.454607
28.04.2022;8448.521274
07.09.2022;8449.171274
31.03.2022;8450.037941
24.03.2022;8450.787941
24.03.2022;8452.621274
01.06.2022;8458.621274
16.05.2022;8459.198261
06.07.2022;8460.780111
19.04.2022;8462.530111
25.03.2022;8463.396777
13.04.2022;8465.046777
25.04.2022;8465.580111
31.03.2022;8473.430111
31.03.2022;8481.280111
30.03.2022;8482.930111
31.03.2022;8483.463444
18.07.2022;8492.963444
31.03.2022;8494.213444
06.07.2022;8501.296777
19.05.2022;8501.793684
07.09.2022;8502.648617
12.05.2022;8510.498617
19.05.2022;8518.348617
21.06.2022;8519.965284
25.04.2022;8522.215284
28.04.2022;8524.215284
27.04.2022;8525.041684
17.05.2022;8527.091184
17.05.2022;8528.341184
29.06.2022;8536.761184
18.07.2022;8564.821184
21.06.2022;8565.437851
05.05.2022;8565.484517
21.06.2022;8566.017851
10.05.2022;8568.101184
16.05.2022;8569.101184
04.05.2022;8571.626184
29.04.2022;8573.626184
15.06.2022;8574.492851
01.07.2022;8575.026184
05.07.2022;8603.086184
30.06.2022;8627.838984
13.07.2022;8658.655651
02.05.2022;8660.405651
18.05.2022;8671.444984
31.08.2022;8676.596984
21.06.2022;8677.346984
02.05.2022;8678.541984
17.05.2022;8679.075317
01.09.2022;8680.475317
16.05.2022;8683.415317
19.05.2022;8691.515317
22.06.2022;8699.615317
14.06.2022;8707.715317
06.05.2022;8708.515317
17.05.2022;8710.515317
13.05.2022;8712.515317
25.08.2022;8712.868151
30.08.2022;8713.708567
30.08.2022;8715.389401
17.05.2022;8716.714401
20.05.2022;8716.749334
11.07.2022;8717.271167
30.08.2022;8718.187834
06.05.2022;8718.234501
01.07.2022;8718.767834
17.05.2022;8720.517834
20.05.2022;8720.571167
13.06.2022;8721.104501
04.01.2023;8721.637834
20.05.2022;8721.691167
22.08.2022;8722.291167
22.08.2022;8722.891167
13.05.2022;8724.891167
20.05.2022;8724.937834
15.06.2022;8725.804501
17.05.2022;8727.404501
31.05.2022;8731.836167
23.06.2022;8734.319501
23.06.2022;8736.897279
08.07.2022;8744.630612
08.07.2022;8747.20839
20.05.2022;8747.33839
24.06.2022;8747.93839
23.05.2022;8749.08839
17.05.2022;8749.135056
20.05.2022;8749.635056
03.06.2022;8749.801723
30.06.2022;8750.71839
07.06.2022;8752.495056
07.06.2022;8754.895056
21.06.2022;8760.395056
20.06.2022;8765.895056
11.07.2022;8771.395056
31.05.2022;8773.395056
31.01.2023;8774.377056
31.01.2023;8776.377056
21.11.2022;8777.443723
31.01.2023;8779.443723
31.01.2023;8781.443723
29.06.2022;8783.568723
12.09.2022;8785.693723
22.07.2022;8786.573723
19.08.2022;8790.048723
11.11.2022;8790.848723
06.12.2022;8794.098723
21.06.2022;8795.198723
28.09.2022;8796.798723
23.09.2022;8798.548723
09.06.2022;8804.548723
21.06.2022;8805.298723
11.08.2022;8806.048723
09.12.2022;8806.048723
21.11.2022;8806.882056
21.11.2022;8807.71539
21.11.2022;8808.548723
17.11.2022;8809.382056
16.11.2022;8810.21539
26.07.2022;8811.71539
04.07.2022;8812.76289
07.07.2022;8814.096223
21.06.2022;8814.679556
07.07.2022;8815.26289
08.07.2022;8816.179556
07.06.2022;8817.179556
20.06.2022;8818.596223
02.08.2022;8821.66289
20.09.2022;8822.529556
15.09.2022;8828.279556
19.09.2022;8834.279556
21.06.2022;8840.866223
31.10.2022;8846.866223
13.12.2022;8852.366223
29.06.2022;8858.366223
15.09.2022;8864.116223
10.10.2022;8869.866223
21.06.2022;8871.191223
14.07.2022;8872.557473
05.09.2022;8873.882473
10.09.2022;8901.942473
07.07.2022;8902.475806
26.08.2022;8904.975806
29.08.2022;8908.537056
04.07.2022;8909.37039
30.08.2022;8911.37039
09.06.2022;8911.47039
23.06.2022;8912.27039
19.08.2022;8915.74539
04.07.2022;8917.74539
21.06.2022;8918.662056
22.07.2022;8939.830806
01.08.2022;8960.999556
30.07.2022;8982.168306
05.08.2022;9003.337056
20.07.2022;9024.505806
09.08.2022;9045.674556
12.08.2022;9066.843306
30.08.2022;9088.012056
01.09.2022;9109.180806
08.09.2022;9133.535806
26.09.2022;9154.704556
03.09.2022;9175.873306
27.09.2022;9197.042056
26.10.2022;9218.407056
19.10.2022;9254.150806
29.10.2022;9275.319556
05.11.2022;9300.614556
14.12.2022;9321.783306
24.06.2022;9323.349973
23.06.2022;9324.91664
24.06.2022;9326.483306
29.06.2022;9328.049973
12.09.2022;9330.174973
02.11.2022;9332.799973
22.06.2022;9338.799973
27.06.2022;9339.549973
03.08.2022;9340.299973
27.06.2022;9340.899973
08.11.2022;9343.34964
19.08.2022;9344.891306
07.11.2022;9351.477973
16.11.2022;9358.06464
22.07.2022;9365.797973
22.07.2022;9373.531306
13.09.2022;9381.26464
20.07.2022;9388.997973
14.09.2022;9396.731306
20.07.2022;9404.46464
08.07.2022;9406.11464
08.07.2022;9407.76464
08.07.2022;9409.41464
07.07.2022;9410.281306
07.07.2022;9410.81464
02.08.2022;9411.647973
07.07.2022;9412.397973
02.09.2022;9413.830573
07.07.2022;9413.970573
09.08.2022;9415.420573
24.08.2022;9416.03724
18.07.2022;9424.13724
04.07.2022;9426.720573
11.08.2022;9427.253906
24.10.2022;9429.003906
22.08.2022;9429.15724
28.10.2022;9430.50224
28.09.2022;9432.62724
29.08.2022;9435.12724
14.07.2022;9435.793906
15.07.2022;9436.460573
19.08.2022;9437.07724
06.09.2022;9437.82724
04.07.2022;9442.82724
27.09.2022;9446.30224
29.08.2022;9449.77724
14.09.2022;9450.65724
02.11.2022;9454.13224
07.10.2022;9455.01224
08.11.2022;9458.48724
12.09.2022;9459.36724
08.11.2022;9462.84224
02.08.2022;9464.34224
06.09.2022;9465.84224
14.09.2022;9467.34224
04.07.2022;9469.04224
02.08.2022;9470.36724
16.11.2022;9492.03599
05.10.2022;9499.769323
12.07.2022;9506.534323
25.07.2022;9511.20099
14.07.2022;9517.34599
03.08.2022;9519.34599
06.01.2023;9540.01474
12.07.2022;9540.61474
07.12.2022;9546.11474
24.08.2022;9546.381406
01.11.2022;9547.981406
26.07.2022;9548.83474
29.08.2022;9552.23474
05.01.2023;9577.02974
13.07.2022;9577.946406
27.10.2022;9579.321406
30.01.2023;9579.488073
27.04.2023;9579.863073
16.09.2022;9580.396406
04.11.2022;9582.896406
26.01.2023;9583.013073
06.09.2022;9583.846406
13.07.2022;9584.763073
22.12.2022;9585.096406
27.07.2022;9586.246406
26.08.2022;9587.163073
22.07.2022;9589.663073
26.09.2022;9606.513073
24.10.2022;9622.613073
09.05.2023;9641.128073
27.09.2022;9641.788123
22.07.2022;9642.70479
22.07.2022;9645.95479
21.09.2022;9647.14479
23.08.2022;9647.478123
27.10.2022;9649.228123
22.07.2022;9649.828123
24.08.2022;9650.228123
14.09.2022;9652.353123
25.01.2023;9654.828123
26.08.2022;9683.388123
13.09.2022;9711.948123
07.10.2022;9744.528123
28.09.2022;9778.588123
04.11.2022;9812.648123
22.10.2022;9841.208123
14.11.2022;9869.768123
14.11.2022;9902.963123
24.03.2023;9913.06479
28.03.2023;9923.166456
07.09.2022;9927.24979
02.08.2022;9930.583123
04.08.2022;9931.013123
22.08.2022;9932.42979
04.08.2022;9933.75479
25.08.2022;9935.321456
09.08.2022;9937.15479
26.01.2023;9940.96479
09.01.2023;9943.43979
28.09.2022;9944.13979
08.09.2022;9944.83979
15.08.2022;9946.381456
30.11.2022;9947.706456
08.09.2022;9948.656456
09.12.2022;9959.656456
25.10.2022;9965.406456
24.08.2022;9973.506456
26.08.2022;9981.606456
26.08.2022;9989.706456
23.11.2022;9997.056456
25.10.2022;10005.15646
25.10.2022;10013.25646
24.10.2022;10021.35646
12.12.2022;10028.70646
16.12.2022;10036.05646
16.12.2022;10043.40646
16.12.2022;10050.75646
25.10.2022;10051.73646
23.08.2022;10052.60312
23.08.2022;10054.14479
12.09.2022;10059.99604
21.10.2022;10063.05021
30.08.2022;10066.32521
19.08.2022;10067.19187
24.08.2022;10070.69187
01.09.2022;10072.35854
13.10.2022;10078.35854
13.10.2022;10080.60854
02.12.2022;10088.34187
15.09.2022;10089.99187
21.10.2022;10095.74187
12.12.2022;10101.24187
03.02.2023;10107.36687
30.08.2022;10109.60187
02.09.2022;10110.42854
26.01.2023;10116.55354
14.09.2022;10117.92854
15.10.2022;10146.48854
16.11.2022;10175.04854
18.01.2023;10175.04854
09.12.2022;10181.54854
14.09.2022;10182.39854
19.09.2022;10183.64854
15.09.2022;10185.45354
20.10.2022;10186.32021
21.09.2022;10188.07021
26.01.2023;10189.07021
14.09.2022;10190.92021
12.09.2022;10191.80354
14.09.2022;10193.75354
13.09.2022;10195.37854
14.09.2022;10197.00354
14.09.2022;10198.44354
28.11.2022;10199.81854
09.12.2022;10200.44354
15.12.2022;10200.94354
12.10.2022;10203.44354
21.09.2022;10208.44354
14.09.2022;10210.11021
04.11.2022;10212.73521
27.01.2023;10214.36021
09.12.2022;10215.22687
22.12.2022;10215.34354
14.09.2022;10217.84354
13.09.2022;10218.71021
23.11.2022;10227.21021
16.12.2022;10232.46021
16.12.2022;10233.96021
24.10.2022;10237.23521
04.01.2023;10239.51021
13.12.2022;10243.08521
13.12.2022;10243.08521
07.12.2022;10243.99737
15.09.2022;10246.27237
14.09.2022;10247.13904
25.01.2023;10248.18071
22.09.2022;10249.88904
09.01.2023;10255.97571
10.11.2022;10263.32571
13.12.2022;10266.47571
02.12.2022;10276.02571
15.09.2022;10276.77571
30.11.2022;10278.35071
09.01.2023;10311.68404
26.09.2022;10312.81904
20.09.2022;10313.69737
07.11.2022;10315.23904
09.12.2022;10317.48904
19.09.2022;10319.98904
31.10.2022;10321.32237
14.11.2022;10321.68904
08.02.2023;10322.23904
23.01.2023;10322.53904
01.02.2023;10322.93904
30.01.2023;10333.93904
13.10.2022;10335.83904
19.12.2022;10337.12237
10.01.2023;10337.37237
20.04.2023;10337.50571
24.10.2022;10343.25571
21.02.2023;10348.25571
23.01.2023;10351.75571
19.01.2023;10356.75571
26.01.2023;10361.75571
17.05.2023;10366.75571
17.03.2023;10367.42237
14.10.2022;10369.92237
19.01.2023;10370.82237
04.01.2023;10371.64737
03.05.2023;10381.74904
07.11.2022;10382.54904
03.02.2023;10384.79904
03.02.2023;10387.04904
14.11.2022;10388.13237
16.11.2022;10389.21571
20.10.2022;10390.08237
09.12.2022;10392.64904
04.01.2023;10392.64904
23.01.2023;10420.14904
07.02.2023;10453.60737
14.02.2023;10481.10737
11.02.2023;10508.60737
25.11.2022;10559.60737
03.12.2022;10610.60737
12.12.2022;10647.27404
16.12.2022;10683.94071
19.01.2023;10720.60737
24.01.2023;10757.27404
06.03.2023;10790.73237
18.01.2023;10791.63237
14.12.2022;10792.45737
21.10.2022;10794.03237
31.10.2022;10795.56987
28.10.2022;10796.55321
26.10.2022;10802.80321
28.10.2022;10807.80321
07.12.2022;10813.05321
20.01.2023;10818.30321
21.10.2022;10819.12821
28.10.2022;10820.75321
29.11.2022;10827.00321
09.11.2022;10832.00321
14.11.2022;10833.06987
24.01.2023;10835.06987
16.11.2022;10837.01987
20.04.2023;10839.51987
26.10.2022;10839.84019
04.01.2023;10841.19079
26.10.2022;10841.39613
05.01.2023;10841.78113
27.04.2023;10842.13113
03.02.2023;10843.38113
16.12.2022;10850.73113
16.12.2022;10858.08113
18.01.2023;10860.83113
01.11.2022;10861.03646
09.02.2023;10861.42146
23.11.2022;10862.92146
10.11.2022;10864.77146
30.01.2023;10865.02146
09.11.2022;10868.02146
07.11.2022;10869.50479
28.03.2023;10870.62979
23.11.2022;10872.17146
23.11.2022;10877.17146
09.12.2022;10877.27146
26.01.2023;10883.77146
06.01.2023;10890.60813
30.01.2023;10893.94146
30.01.2023;10897.27479
30.01.2023;10897.39146
24.11.2022;10904.14146
24.11.2022;10907.64146
04.01.2023;10909.91646
30.01.2023;10910.03313
16.11.2022;10911.47979
18.01.2023;10916.47979
10.02.2023;10921.47979
09.01.2023;10926.47979
07.12.2022;10928.02146
28.11.2022;10932.02146
25.11.2022;10933.22146
28.11.2022;10934.66813
25.11.2022;10935.96813
15.03.2023;10942.05479
14.02.2023;10947.20479
03.02.2023;10948.45479
29.11.2022;10951.70479
28.11.2022;10951.70479
30.01.2023;10951.95479
28.11.2022;10953.32979
06.01.2023;10953.95479
09.12.2022;10955.20479
26.01.2023;10956.24646
21.12.2022;10957.16313
09.12.2022;10958.07979
19.01.2023;10965.57979
09.12.2022;10967.32979
19.12.2022;10974.82979
28.11.2022;10980.82979
11.01.2023;11017.49646
31.01.2023;11054.16313
02.02.2023;11090.82979
24.02.2023;11133.91313
17.02.2023;11170.57979
09.12.2022;11171.77979
08.02.2023;11182.77979
09.12.2022;11186.77979
13.02.2023;11192.02979
13.02.2023;11193.67979
16.01.2023;11194.67979
06.03.2023;11195.67979
09.12.2022;11196.01313
01.02.2023;11201.51313
17.01.2023;11206.76313
02.03.2023;11212.26313
23.03.2023;11217.51313
27.01.2023;11218.47146
10.01.2023;11223.97146
23.01.2023;11229.47146
20.03.2023;11234.97146
22.02.2023;11240.12146
04.03.2023;11267.62146
02.03.2023;11295.12146
09.03.2023;11328.57979
07.03.2023;11356.07979
09.12.2022;11357.32979
31.01.2023;11357.46888
14.02.2023;11371.37721
23.01.2023;11371.44721
09.03.2023;11371.79721
15.12.2022;11374.79721
15.12.2022;11375.75554
06.01.2023;11376.69304
26.01.2023;11376.76971
08.03.2023;11382.26971
16.12.2022;11383.00304
26.01.2023;11383.13171
22.12.2022;11393.13171
08.02.2023;11393.24838
15.02.2023;11395.52338
27.01.2023;11399.09838
27.02.2023;11401.37338
02.02.2023;11401.97338
20.02.2023;11402.82963
07.02.2023;11403.87129
24.02.2023;11403.98796
24.02.2023;11405.73796
14.03.2023;11407.48796
01.02.2023;11412.48796
23.01.2023;11413.58796
01.04.2023;11413.58796
07.02.2023;11414.61713
25.01.2023;11415.44213
30.01.2023;11416.94213
30.01.2023;11417.05879
27.02.2023;11419.53379
05.01.2023;11420.83379
02.02.2023;11421.43379
01.02.2023;11422.25879
06.02.2023;11423.35879
12.05.2023;11441.87379
08.03.2023;11447.96046
22.03.2023;11453.21046
13.02.2023;11454.00213
07.02.2023;11454.62713
02.02.2023;11455.82713
02.02.2023;11456.37713
28.02.2023;11457.05963
17.02.2023;11457.89296
27.02.2023;11458.00963
07.02.2023;11458.10963
07.02.2023;11458.73463
24.02.2023;11459.98463
23.05.2023;11460.52088
30.01.2023;11461.21088
30.01.2023;11467.21088
06.04.2023;11469.21088
30.01.2023;11469.83588
28.02.2023;11480.83588
28.03.2023;11481.06921
02.02.2023;11481.78421
30.01.2023;11483.08291
27.02.2023;11484.12458
16.02.2023;11486.20791
20.03.2023;11486.32458
18.04.2023;11519.78291
19.04.2023;11553.24124
26.04.2023;11586.69958
17.03.2023;11620.15791
23.03.2023;11625.65791
22.03.2023;11632.15791
27.02.2023;11639.50791
28.03.2023;11682.59124
06.06.2023;11725.67458
11.05.2023;11768.75791
28.03.2023;11770.85208
05.04.2023;11804.31041
06.03.2023;11805.64374
05.04.2023;11805.76041
23.03.2023;11805.86041
17.03.2023;11805.99374
20.03.2023;11813.49374
17.03.2023;11831.86874
20.03.2023;11836.54124
16.03.2023;11839.10791
14.03.2023;11840.82241
20.03.2023;11842.39741
16.03.2023;11842.51408
10.03.2023;11844.01408
10.03.2023;11849.11408
08.03.2023;11851.61408
24.02.2023;11852.30408
30.03.2023;11854.30408
14.03.2023;11855.50408
20.03.2023;11856.12908
20.03.2023;11857.96241
03.04.2023;11858.71241
14.03.2023;11858.87908
29.03.2023;11859.57574
10.03.2023;11862.05074
23.02.2023;11862.93074
09.03.2023;11865.40574
28.02.2023;11866.44741
15.03.2023;11866.73241
20.03.2023;11869.09491
28.02.2023;11872.42824
27.03.2023;11872.68491
20.04.2023;11874.12241
04.04.2023;11874.67241
27.03.2023;11876.78991
21.03.2023;11877.69741
28.03.2023;11877.81408
02.06.2023;11882.69074
25.04.2023;11885.16574
31.03.2023;11892.51574
06.04.2023;11899.86574
05.04.2023;11907.21574
12.06.2023;11914.56574
04.05.2023;11948.02408
12.06.2023;11981.48241
04.05.2023;11983.10741
22.06.2023;11983.33741
08.05.2023;11983.57891
23.05.2023;11983.80891
13.06.2023;11984.05041
04.05.2023;11985.67541
04.05.2023;11987.30041
25.04.2023;11989.57541
04.05.2023;11997.82541
25.04.2023;11999.55041
17.05.2023;12000.80041
02.06.2023;12000.92291
23.05.2023;12002.54791
17.05.2023;12002.66458
17.04.2023;12003.92458
23.05.2023;12006.82033
28.03.2023;12008.32033
28.03.2023;12011.32033
17.05.2023;12016.57033
28.03.2023;12017.67033
06.04.2023;12021.87033
17.04.2023;12023.13033
15.05.2023;12025.69699
19.06.2023;12028.94699
09.05.2023;12029.75116
29.03.2023;12030.25116
28.03.2023;12031.03866
24.03.2023;12039.28866
16.05.2023;12049.37199
30.03.2023;12050.47199
17.04.2023;12055.97199
21.06.2023;12061.12199
08.05.2023;12061.94699
17.05.2023;12070.74699
25.04.2023;12072.47199
10.05.2023;12073.29699
15.05.2023;12074.12199
11.04.2023;12074.37116
18.04.2023;12080.97116
19.04.2023;12087.57116
24.04.2023;12090.72116
11.05.2023;12096.44116
16.05.2023;12106.52449
23.05.2023;12106.89949
07.06.2023;12106.98283
15.05.2023;12107.78699
04.05.2023;12110.14949
09.05.2023;12115.14949
07.06.2023;12115.73283
07.06.2023;12116.52449
05.06.2023;12116.80449
05.05.2023;12119.69199
13.06.2023;12119.92199
17.05.2023;12120.74699
22.05.2023;12121.37199
17.05.2023;12130.17199
17.05.2023;12132.93199
16.06.2023;12133.72366
12.05.2023;12133.89866
17.05.2023;12134.72366
21.06.2023;12150.83616
17.05.2023;12156.08616
15.05.2023;12172.88616
15.05.2023;12179.04616
21.06.2023;12180.77866
22.05.2023;12181.52866
23.05.2023;12181.87866
14.06.2023;12183.62866
01.06.2023;12185.36116
07.06.2023;12188.82616
22.06.2023;12189.35116
07.06.2023;12189.60116
27.06.2023;12190.97616
23.06.2023;12191.22616
07.03.2023;12197.48449
01.08.2023;12203.74283
21.07.2023;12209.75116
21.07.2023;12215.75949
26.07.2023;12221.76783
19.07.2023;12222.78033
03.01.2023;12230.66783
02.08.2023;12233.18033
26.07.2023;12239.18866
13.03.2023;12272.66366
22.08.2023;12282.78199
06.09.2023;12292.90033
03.04.2023;12295.19199
08.05.2023;12337.03158
14.06.2023;12370.50658
06.07.2023;12403.98158
14.06.2023;12437.45658
01.06.2023;12470.93158
06.06.2023;12504.40658
23.05.2023;12537.88158
11.07.2023;12571.35658
17.05.2023;12604.83158
25.07.2023;12638.30658
31.07.2023;12680.14616
01.08.2023;12713.62116
01.08.2023;12747.09616
06.05.2023;12780.57116
19.04.2023;12814.04616
14.07.2023;12857.14616
18.07.2023;12863.66283
25.07.2023;12905.50241
21.03.2023;12907.35241
29.08.2023;12917.47074
10.07.2023;12925.94283
21.07.2023;12932.45949
09.05.2023;12965.93449
12.06.2023;12973.29699
31.07.2023;12976.56366
16.08.2023;12986.68199
12.10.2023;12996.80033
24.04.2023;12997.71283
10.11.2023;13007.83116
25.04.2023;13008.74366
03.08.2023;13018.84366
07.08.2023;13028.94366
07.08.2023;13039.04366
09.08.2023;13049.14366
15.08.2023;13059.24366
15.08.2023;13069.34366
14.08.2023;13079.44366
17.05.2023;13112.91866
21.06.2023;13146.39366
25.07.2023;13152.40199
04.07.2023;13157.29366
25.07.2023;13163.30199
31.07.2023;13168.56866
30.06.2023;13168.82699
04.01.2024;13178.94533
19.09.2023;13184.95366
18.09.2023;13190.96199
18.09.2023;13196.97033
02.08.2023;13197.62449
09.08.2023;13199.04866
06.09.2023;13205.56533
13.09.2023;13212.08199
16.01.2024;13218.59866
15.11.2023;13225.11533
28.07.2023;13225.35366
11.08.2023;13231.61616
19.06.2023;13236.83283
06.11.2023;13279.93283
15.09.2023;13280.51866
13.09.2023;13280.78659
03.11.2023;13323.88659
26.10.2023;13366.98659
03.08.2023;13372.14909
15.05.2023;13372.98659
19.10.2023;13416.08659
29.06.2023;13418.57409
29.08.2023;13421.28159
15.08.2023;13424.62326
08.08.2023;13428.17326
30.01.2024;13433.38993
19.06.2023;13434.64159
30.08.2023;13437.90826
09.08.2023;13439.99993
16.06.2023;13440.09159
09.08.2023;13440.19993
09.08.2023;13440.30826
06.09.2023;13448.19576
29.08.2023;13450.90326
11.08.2023;13453.61076
30.11.2023;13456.31826
23.08.2023;13458.83076
07.07.2023;13466.34743
16.08.2023;13473.86409
30.08.2023;13481.38076
05.06.2023;13486.39743
28.07.2023;13497.96409
22.01.2024;13503.48076
23.06.2023;13515.04743
22.01.2024;13521.36409
22.01.2024;13527.68076
30.06.2023;13539.24743
31.07.2023;13544.26409
29.08.2023;13561.08076
08.08.2023;13563.83909
18.10.2023;13567.51409
28.08.2023;13573.68243
15.08.2023;13576.25926
15.08.2023;13579.01759
28.08.2023;13580.85926
28.07.2023;13584.33259
08.08.2023;13586.23093
16.06.2023;13589.17176
08.08.2023;13594.87259
27.06.2023;13598.34593
29.06.2023;13601.81926
13.07.2023;13605.29259
14.09.2023;13610.18426
19.09.2023;13610.44259
18.08.2023;13614.03426
23.08.2023;13617.62593
31.07.2023;13620.89259
10.08.2023;13621.73426
15.08.2023;13622.07593
28.07.2023;13622.36426
09.08.2023;13622.50593
13.07.2023;13623.55593
04.09.2023;13629.56426
04.09.2023;13635.57259
01.09.2023;13641.58093
26.07.2023;13647.58926
19.09.2023;13653.59759
07.12.2023;13659.60593
06.12.2023;13665.61426
13.07.2023;13666.83718
28.07.2023;13667.07551
11.07.2023;13700.55051
16.10.2023;13743.65051
29.08.2023;13748.66718
14.09.2023;13749.97734
20.09.2023;13750.06901
27.07.2023;13751.03568
24.05.2023;13759.85234
23.08.2023;13763.44401
09.08.2023;13768.95651
24.11.2023;13771.66401
16.01.2024;13781.78234
28.07.2023;13782.83234
09.08.2023;13783.09068
21.09.2023;13783.34901
29.06.2023;13785.86568
10.08.2023;13786.29484
31.10.2023;13787.31484
18.07.2023;13792.82734
24.07.2023;13798.92651
19.07.2023;13804.18901
09.08.2023;13805.02651
03.08.2023;13809.53901
07.09.2023;13813.67651
01.02.2024;13823.79484
10.08.2023;13829.30734
30.06.2023;13830.10734
24.08.2023;13831.53151
29.06.2023;13833.37318
20.07.2023;13835.21484
01.07.2023;13866.89401
07.07.2023;13868.90501
20.07.2023;13870.56751
13.09.2023;13874.11751
15.11.2023;13882.00501
23.08.2023;13884.51751
08.08.2023;13885.35501
04.07.2023;13886.99668
29.06.2023;13887.12168
22.08.2023;13895.93418
22.01.2024;13907.50084
29.08.2023;13910.97418
02.08.2023;13911.33668
10.07.2023;13954.43668
20.07.2023;13997.53668
12.10.2023;14040.63668
04.10.2023;14083.73668
29.09.2023;14126.83668
27.09.2023;14169.93668
25.09.2023;14213.03668
18.08.2023;14256.13668
14.08.2023;14299.23668
10.08.2023;14342.33668
08.08.2023;14385.43668
26.07.2023;14390.94918
26.07.2023;14396.46168
25.07.2023;14402.56084
01.09.2023;14408.66001
18.08.2023;14414.17251
03.08.2023;14419.33501
03.08.2023;14424.49751
26.07.2023;14429.76001
17.08.2023;14435.02251
28.07.2023;14436.31834
29.08.2023;14437.61418
28.07.2023;14471.08918
24.07.2023;14504.56418
05.09.2023;14538.03918
15.09.2023;14571.51418
04.07.2023;14574.27668
18.07.2023;14581.63918
04.07.2023;14589.00168
18.07.2023;14596.36418
17.07.2023;14603.72668
21.07.2023;14611.08918
24.07.2023;14618.45168
24.07.2023;14625.81418
24.07.2023;14633.17668
24.07.2023;14640.53918
24.07.2023;14647.90168
24.07.2023;14655.26418
24.07.2023;14662.62668
24.07.2023;14669.98918
24.08.2023;14677.35168
24.07.2023;14684.71418
24.08.2023;14692.07668
24.08.2023;14699.43918
24.08.2023;14706.80168
24.08.2023;14714.16418
28.08.2023;14721.52668
25.08.2023;14728.88918
24.08.2023;14736.25168
28.08.2023;14743.61418
28.08.2023;14750.97668
31.08.2023;14758.33918
29.08.2023;14765.70168
22.08.2023;14768.86418
03.08.2023;14779.87668
27.07.2023;14785.76868
04.09.2023;14794.58118
08.09.2023;14803.72368
12.09.2023;14812.01404
06.09.2023;14828.61392
08.09.2023;14835.22642
27.07.2023;14851.33892
22.01.2024;14857.85558
08.08.2023;14863.55642
01.09.2023;14897.03142
05.12.2023;14940.13142
15.08.2023;14940.47308
28.08.2023;14973.94808
28.08.2023;15007.42308
18.08.2023;15010.18558
20.09.2023;15012.08392
13.07.2023;15012.47558
14.08.2023;15022.57558
28.07.2023;15044.58808
21.08.2023;15078.06308
